{"stats":{"minecraft:crafted":{"minecraft:oak_planks":4,"minecraft:crafting_table":2,"minecraft:wooden_pickaxe":1,"minecraft:cooked_chicken":9,"minecraft:furnace":2,"minecraft:bucket":1,"minecraft:birch_planks":148,"minecraft:stone_axe":1,"minecraft:cooked_mutton":2,"minecraft:air":0,"minecraft:stick":20,"minecraft:stone_pickaxe":1,"minecraft:wooden_axe":2,"minecraft:stone_sword":1,"minecraft:chest":2,"minecraft:white_bed":1},"minecraft:used":{"minecraft:cooked_mutton":2,"minecraft:water_bucket":20,"minecraft:stone_sword":37,"minecraft:birch_planks":4,"minecraft:stone_pickaxe":86,"minecraft:chest":2,"minecraft:wooden_pickaxe":5,"minecraft:cooked_chicken":3,"minecraft:dirt":30,"minecraft:crafting_table":6,"minecraft:white_bed":1,"minecraft:wooden_axe":41,"minecraft:birch_sapling":1,"minecraft:stone_axe":65,"minecraft:cobblestone":8,"minecraft:bow":1,"minecraft:furnace":2,"minecraft:bucket":21},"minecraft:custom":{"minecraft:interact_with_furnace":6,"minecraft:mob_kills":19,"minecraft:interact_with_crafting_table":11,"minecraft:bell_ring":1,"minecraft:time_since_death":22988,"minecraft:sleep_in_bed":1,"minecraft:time_since_rest":7291,"minecraft:sprint_one_cm":66802,"minecraft:damage_taken":217,"minecraft:walk_one_cm":26556,"minecraft:drop":4,"minecraft:damage_dealt":1567,"minecraft:swim_one_cm":25153,"minecraft:fly_one_cm":126274,"minecraft:open_chest":5,"minecraft:crouch_one_cm":1994,"minecraft:play_time":22988,"minecraft:sneak_time":1021,"minecraft:walk_under_water_one_cm":5537,"minecraft:jump":490,"minecraft:walk_on_water_one_cm":3673,"minecraft:total_world_time":22988,"minecraft:fall_one_cm":13163},"minecraft:dropped":{"minecraft:white_bed":1,"minecraft:wooden_axe":2,"minecraft:iron_leggings":1},"minecraft:killed":{"minecraft:creeper":1,"minecraft:sheep":4,"minecraft:skeleton":1,"minecraft:chicken":11},"minecraft:picked_up":{"minecraft:birch_log":37,"minecraft:crafting_table":4,"minecraft:feather":15,"minecraft:chicken":11,"minecraft:birch_planks":45,"minecraft:oak_log":64,"minecraft:gunpowder":2,"minecraft:dirt":30,"minecraft:bone":3,"minecraft:bow":1,"minecraft:wheat_seeds":2,"minecraft:sugar_cane":7,"minecraft:birch_sapling":1,"minecraft:furnace":1,"minecraft:white_bed":1,"minecraft:arrow":2,"minecraft:rotten_flesh":1,"minecraft:mutton":8,"minecraft:coal":44,"minecraft:white_wool":4,"minecraft:cobblestone":42},"minecraft:mined":{"minecraft:crafting_table":4,"minecraft:short_grass":10,"minecraft:grass_block":2,"minecraft:cobblestone":1,"minecraft:tall_grass":1,"minecraft:sugar_cane":3,"minecraft:furnace":1,"minecraft:birch_log":37,"minecraft:birch_leaves":1,"minecraft:oak_log":64,"minecraft:coal_ore":44,"minecraft:dirt":1,"minecraft:stone":44,"minecraft:oak_leaves":4}},"DataVersion":3953}