{"stats":{"minecraft:crafted":{"minecraft:oak_planks":4,"minecraft:crafting_table":2,"minecraft:wooden_pickaxe":1,"minecraft:cooked_chicken":9,"minecraft:iron_sword":2,"minecraft:furnace":2,"minecraft:bucket":1,"minecraft:birch_planks":148,"minecraft:stone_axe":1,"minecraft:cooked_mutton":2,"minecraft:air":0,"minecraft:flint_and_steel":1,"minecraft:shield":2,"minecraft:stick":20,"minecraft:iron_ingot":8,"minecraft:iron_pickaxe":1,"minecraft:stone_pickaxe":1,"minecraft:wooden_axe":2,"minecraft:stone_sword":1,"minecraft:chest":2,"minecraft:white_bed":1},"minecraft:used":{"minecraft:cooked_mutton":2,"minecraft:water_bucket":52,"minecraft:diorite":1,"minecraft:stone_sword":56,"minecraft:flint_and_steel":3,"minecraft:birch_planks":4,"minecraft:redstone":17,"minecraft:stone_pickaxe":90,"minecraft:wooden_pickaxe":5,"minecraft:chest":2,"minecraft:shield":5,"minecraft:iron_sword":49,"minecraft:cooked_chicken":9,"minecraft:dirt":30,"minecraft:crafting_table":6,"minecraft:white_bed":1,"minecraft:wooden_axe":41,"minecraft:bread":7,"minecraft:birch_sapling":1,"minecraft:iron_pickaxe":248,"minecraft:gravel":10,"minecraft:stone_axe":66,"minecraft:cobblestone":56,"minecraft:bow":1,"minecraft:furnace":2,"minecraft:bucket":54},"minecraft:custom":{"minecraft:interact_with_furnace":13,"minecraft:mob_kills":38,"minecraft:interact_with_crafting_table":13,"minecraft:bell_ring":1,"minecraft:leave_game":1,"minecraft:time_since_death":58160,"minecraft:sleep_in_bed":1,"minecraft:time_since_rest":42463,"minecraft:sprint_one_cm":169266,"minecraft:damage_taken":689,"minecraft:walk_one_cm":69966,"minecraft:damage_blocked_by_shield":225,"minecraft:drop":16,"minecraft:damage_dealt":4853,"minecraft:swim_one_cm":41895,"minecraft:fly_one_cm":213173,"minecraft:open_chest":12,"minecraft:crouch_one_cm":11526,"minecraft:play_time":58160,"minecraft:sneak_time":5233,"minecraft:walk_under_water_one_cm":11984,"minecraft:jump":1237,"minecraft:walk_on_water_one_cm":16869,"minecraft:total_world_time":58160,"minecraft:fall_one_cm":32807},"minecraft:dropped":{"minecraft:water_bucket":1,"minecraft:iron_sword":1,"minecraft:cooked_chicken":1,"minecraft:stone_sword":1,"minecraft:cobbled_deepslate":2,"minecraft:diamond":1,"minecraft:white_bed":1,"minecraft:shield":1,"minecraft:diorite":2,"minecraft:wooden_axe":2,"minecraft:iron_leggings":1,"minecraft:arrow":7,"minecraft:bow":1,"minecraft:stone_pickaxe":1,"minecraft:iron_pickaxe":1},"minecraft:killed":{"minecraft:spider":1,"minecraft:bat":1,"minecraft:creeper":3,"minecraft:sheep":4,"minecraft:skeleton":4,"minecraft:zombie":9,"minecraft:chicken":11},"minecraft:picked_up":{"minecraft:birch_log":37,"minecraft:crafting_table":5,"minecraft:feather":15,"minecraft:chicken":11,"minecraft:water_bucket":1,"minecraft:andesite":4,"minecraft:birch_planks":45,"minecraft:flint":2,"minecraft:oak_log":64,"minecraft:gunpowder":4,"minecraft:amethyst_block":1,"minecraft:string":2,"minecraft:lapis_lazuli":91,"minecraft:dirt":30,"minecraft:iron_leggings":1,"minecraft:bone":4,"minecraft:bow":2,"minecraft:wheat_seeds":2,"minecraft:cobbled_deepslate":2,"minecraft:raw_gold":25,"minecraft:cooked_chicken":1,"minecraft:iron_pickaxe":3,"minecraft:sugar_cane":7,"minecraft:birch_sapling":1,"minecraft:iron_boots":1,"minecraft:furnace":1,"minecraft:raw_iron":29,"minecraft:gravel":22,"minecraft:diorite":3,"minecraft:white_bed":1,"minecraft:redstone":199,"minecraft:arrow":5,"minecraft:rotten_flesh":5,"minecraft:diamond":1,"minecraft:mutton":8,"minecraft:coal":92,"minecraft:white_wool":4,"minecraft:cobblestone":85},"minecraft:mined":{"minecraft:deepslate_redstone_ore":16,"minecraft:deepslate_diamond_ore":1,"minecraft:medium_amethyst_bud":1,"minecraft:crafting_table":5,"minecraft:budding_amethyst":1,"minecraft:short_grass":10,"minecraft:grass_block":2,"minecraft:redstone_wire":7,"minecraft:tall_grass":1,"minecraft:cobblestone":15,"minecraft:deepslate_coal_ore":1,"minecraft:deepslate_gold_ore":14,"minecraft:lapis_ore":8,"minecraft:sugar_cane":3,"minecraft:diorite":3,"minecraft:amethyst_block":1,"minecraft:redstone_ore":28,"minecraft:furnace":1,"minecraft:birch_log":37,"minecraft:iron_ore":30,"minecraft:fire":2,"minecraft:andesite":2,"minecraft:birch_leaves":1,"minecraft:deepslate_lapis_ore":6,"minecraft:oak_log":64,"minecraft:coal_ore":97,"minecraft:gravel":1,"minecraft:dirt":1,"minecraft:smooth_basalt":1,"minecraft:stone":76,"minecraft:gold_ore":11,"minecraft:oak_leaves":4,"minecraft:deepslate":21}},"DataVersion":3953}