{"stats":{"minecraft:crafted":{"minecraft:crafting_table":1,"minecraft:stick":12,"minecraft:wooden_pickaxe":1,"minecraft:stone_pickaxe":1,"minecraft:wooden_axe":2,"minecraft:stone_sword":1,"minecraft:furnace":1,"minecraft:white_bed":1,"minecraft:birch_planks":148,"minecraft:stone_axe":1,"minecraft:air":0,"minecraft:cooked_mutton":2},"minecraft:used":{"minecraft:cooked_mutton":2,"minecraft:wooden_axe":41,"minecraft:stone_sword":2,"minecraft:stone_pickaxe":35,"minecraft:birch_sapling":1,"minecraft:wooden_pickaxe":4,"minecraft:stone_axe":64,"minecraft:crafting_table":4,"minecraft:furnace":1,"minecraft:white_bed":1},"minecraft:custom":{"minecraft:time_since_rest":10988,"minecraft:interact_with_furnace":3,"minecraft:sprint_one_cm":31725,"minecraft:damage_taken":10,"minecraft:walk_one_cm":14953,"minecraft:mob_kills":5,"minecraft:drop":2,"minecraft:damage_dealt":370,"minecraft:swim_one_cm":2126,"minecraft:interact_with_crafting_table":7,"minecraft:fly_one_cm":49719,"minecraft:crouch_one_cm":903,"minecraft:play_time":10988,"minecraft:sneak_time":243,"minecraft:walk_under_water_one_cm":29,"minecraft:jump":209,"minecraft:time_since_death":10988,"minecraft:walk_on_water_one_cm":424,"minecraft:total_world_time":10988,"minecraft:fall_one_cm":5076},"minecraft:dropped":{"minecraft:wooden_axe":2},"minecraft:killed":{"minecraft:sheep":4,"minecraft:chicken":1},"minecraft:picked_up":{"minecraft:birch_log":37,"minecraft:crafting_table":3,"minecraft:feather":2,"minecraft:chicken":1,"minecraft:oak_log":64,"minecraft:dirt":2,"minecraft:wheat_seeds":1,"minecraft:birch_sapling":1,"minecraft:mutton":8,"minecraft:white_wool":4,"minecraft:cobblestone":36},"minecraft:mined":{"minecraft:birch_log":37,"minecraft:birch_leaves":1,"minecraft:crafting_table":3,"minecraft:short_grass":3,"minecraft:grass_block":2,"minecraft:oak_log":64,"minecraft:cobblestone":1,"minecraft:stone":38,"minecraft:oak_leaves":4}},"DataVersion":3953}