{"stats":{"minecraft:crafted":{"minecraft:oak_planks":4,"minecraft:crafting_table":2,"minecraft:wooden_pickaxe":1,"minecraft:cooked_chicken":9,"minecraft:iron_sword":2,"minecraft:furnace":2,"minecraft:bucket":1,"minecraft:birch_planks":148,"minecraft:stone_axe":1,"minecraft:cooked_mutton":2,"minecraft:air":0,"minecraft:flint_and_steel":1,"minecraft:shield":2,"minecraft:stick":20,"minecraft:iron_ingot":8,"minecraft:stone_pickaxe":1,"minecraft:wooden_axe":2,"minecraft:stone_sword":1,"minecraft:chest":2,"minecraft:white_bed":1},"minecraft:used":{"minecraft:cooked_mutton":2,"minecraft:water_bucket":36,"minecraft:diorite":1,"minecraft:stone_sword":56,"minecraft:flint_and_steel":2,"minecraft:birch_planks":4,"minecraft:stone_pickaxe":90,"minecraft:wooden_pickaxe":5,"minecraft:chest":2,"minecraft:shield":4,"minecraft:iron_sword":31,"minecraft:cooked_chicken":9,"minecraft:dirt":30,"minecraft:crafting_table":6,"minecraft:white_bed":1,"minecraft:wooden_axe":41,"minecraft:bread":3,"minecraft:birch_sapling":1,"minecraft:iron_pickaxe":185,"minecraft:stone_axe":66,"minecraft:cobblestone":28,"minecraft:bow":1,"minecraft:furnace":2,"minecraft:bucket":37},"minecraft:custom":{"minecraft:interact_with_furnace":13,"minecraft:mob_kills":33,"minecraft:interact_with_crafting_table":13,"minecraft:bell_ring":1,"minecraft:leave_game":1,"minecraft:time_since_death":46160,"minecraft:sleep_in_bed":1,"minecraft:time_since_rest":30463,"minecraft:sprint_one_cm":126606,"minecraft:damage_taken":598,"minecraft:walk_one_cm":58113,"minecraft:damage_blocked_by_shield":200,"minecraft:drop":12,"minecraft:damage_dealt":4023,"minecraft:swim_one_cm":39401,"minecraft:fly_one_cm":173969,"minecraft:open_chest":5,"minecraft:crouch_one_cm":7719,"minecraft:play_time":46160,"minecraft:sneak_time":3495,"minecraft:walk_under_water_one_cm":9539,"minecraft:jump":904,"minecraft:walk_on_water_one_cm":9055,"minecraft:total_world_time":46160,"minecraft:fall_one_cm":23560},"minecraft:dropped":{"minecraft:water_bucket":1,"minecraft:iron_sword":1,"minecraft:cooked_chicken":1,"minecraft:stone_sword":1,"minecraft:white_bed":1,"minecraft:shield":1,"minecraft:diorite":2,"minecraft:wooden_axe":2,"minecraft:iron_leggings":1,"minecraft:stone_pickaxe":1,"minecraft:iron_pickaxe":1},"minecraft:killed":{"minecraft:bat":1,"minecraft:creeper":3,"minecraft:sheep":4,"minecraft:skeleton":2,"minecraft:zombie":7,"minecraft:chicken":11},"minecraft:picked_up":{"minecraft:birch_log":37,"minecraft:crafting_table":5,"minecraft:feather":15,"minecraft:chicken":11,"minecraft:water_bucket":1,"minecraft:andesite":4,"minecraft:birch_planks":45,"minecraft:flint":2,"minecraft:oak_log":64,"minecraft:gunpowder":4,"minecraft:lapis_lazuli":48,"minecraft:dirt":30,"minecraft:iron_leggings":1,"minecraft:bone":3,"minecraft:bow":1,"minecraft:wheat_seeds":2,"minecraft:cobbled_deepslate":2,"minecraft:raw_gold":17,"minecraft:cooked_chicken":1,"minecraft:iron_pickaxe":2,"minecraft:sugar_cane":7,"minecraft:birch_sapling":1,"minecraft:iron_boots":1,"minecraft:furnace":1,"minecraft:raw_iron":29,"minecraft:gravel":21,"minecraft:diorite":3,"minecraft:white_bed":1,"minecraft:redstone":156,"minecraft:arrow":3,"minecraft:rotten_flesh":5,"minecraft:mutton":8,"minecraft:coal":92,"minecraft:white_wool":4,"minecraft:cobblestone":77},"minecraft:mined":{"minecraft:deepslate_redstone_ore":13,"minecraft:crafting_table":5,"minecraft:short_grass":10,"minecraft:grass_block":2,"minecraft:tall_grass":1,"minecraft:cobblestone":6,"minecraft:deepslate_coal_ore":1,"minecraft:deepslate_gold_ore":6,"minecraft:lapis_ore":7,"minecraft:sugar_cane":3,"minecraft:diorite":3,"minecraft:redstone_ore":22,"minecraft:furnace":1,"minecraft:birch_log":37,"minecraft:iron_ore":30,"minecraft:fire":1,"minecraft:andesite":2,"minecraft:birch_leaves":1,"minecraft:oak_log":64,"minecraft:coal_ore":97,"minecraft:dirt":1,"minecraft:stone":75,"minecraft:gold_ore":11,"minecraft:oak_leaves":4,"minecraft:deepslate":2}},"DataVersion":3953}