{"stats":{"minecraft:crafted":{"minecraft:oak_planks":4,"minecraft:crafting_table":2,"minecraft:wooden_pickaxe":1,"minecraft:cooked_chicken":9,"minecraft:iron_sword":2,"minecraft:furnace":2,"minecraft:bucket":1,"minecraft:birch_planks":148,"minecraft:stone_axe":1,"minecraft:cooked_mutton":2,"minecraft:air":0,"minecraft:shield":2,"minecraft:stick":20,"minecraft:iron_ingot":8,"minecraft:stone_pickaxe":1,"minecraft:wooden_axe":2,"minecraft:stone_sword":1,"minecraft:chest":2,"minecraft:white_bed":1},"minecraft:used":{"minecraft:cooked_mutton":2,"minecraft:water_bucket":28,"minecraft:stone_sword":56,"minecraft:birch_planks":4,"minecraft:stone_pickaxe":90,"minecraft:chest":2,"minecraft:wooden_pickaxe":5,"minecraft:cooked_chicken":6,"minecraft:dirt":30,"minecraft:crafting_table":6,"minecraft:white_bed":1,"minecraft:wooden_axe":41,"minecraft:bread":1,"minecraft:birch_sapling":1,"minecraft:iron_pickaxe":52,"minecraft:stone_axe":65,"minecraft:cobblestone":16,"minecraft:bow":1,"minecraft:furnace":2,"minecraft:bucket":29},"minecraft:custom":{"minecraft:interact_with_furnace":11,"minecraft:mob_kills":24,"minecraft:interact_with_crafting_table":13,"minecraft:bell_ring":1,"minecraft:time_since_death":34988,"minecraft:sleep_in_bed":1,"minecraft:time_since_rest":19291,"minecraft:sprint_one_cm":99091,"minecraft:damage_taken":431,"minecraft:walk_one_cm":41610,"minecraft:drop":10,"minecraft:damage_dealt":2411,"minecraft:swim_one_cm":39401,"minecraft:fly_one_cm":142691,"minecraft:open_chest":5,"minecraft:crouch_one_cm":2917,"minecraft:play_time":34988,"minecraft:sneak_time":1617,"minecraft:walk_under_water_one_cm":8208,"minecraft:jump":648,"minecraft:walk_on_water_one_cm":6500,"minecraft:total_world_time":34988,"minecraft:fall_one_cm":14764},"minecraft:dropped":{"minecraft:water_bucket":1,"minecraft:cooked_chicken":1,"minecraft:stone_sword":1,"minecraft:white_bed":1,"minecraft:diorite":2,"minecraft:wooden_axe":2,"minecraft:iron_leggings":1,"minecraft:stone_pickaxe":1,"minecraft:iron_pickaxe":1},"minecraft:killed":{"minecraft:bat":1,"minecraft:creeper":3,"minecraft:sheep":4,"minecraft:skeleton":1,"minecraft:zombie":1,"minecraft:chicken":11},"minecraft:picked_up":{"minecraft:birch_log":37,"minecraft:crafting_table":4,"minecraft:feather":15,"minecraft:chicken":11,"minecraft:water_bucket":1,"minecraft:andesite":2,"minecraft:birch_planks":45,"minecraft:flint":2,"minecraft:oak_log":64,"minecraft:gunpowder":4,"minecraft:lapis_lazuli":31,"minecraft:dirt":30,"minecraft:bone":3,"minecraft:bow":1,"minecraft:wheat_seeds":2,"minecraft:raw_gold":10,"minecraft:cooked_chicken":1,"minecraft:iron_pickaxe":2,"minecraft:sugar_cane":7,"minecraft:birch_sapling":1,"minecraft:furnace":1,"minecraft:raw_iron":11,"minecraft:gravel":21,"minecraft:diorite":3,"minecraft:white_bed":1,"minecraft:redstone":55,"minecraft:arrow":2,"minecraft:rotten_flesh":2,"minecraft:mutton":8,"minecraft:coal":45,"minecraft:white_wool":4,"minecraft:cobblestone":54},"minecraft:mined":{"minecraft:deepslate_redstone_ore":1,"minecraft:crafting_table":4,"minecraft:short_grass":10,"minecraft:grass_block":2,"minecraft:cobblestone":6,"minecraft:tall_grass":1,"minecraft:lapis_ore":5,"minecraft:sugar_cane":3,"minecraft:diorite":2,"minecraft:redstone_ore":12,"minecraft:furnace":1,"minecraft:birch_log":37,"minecraft:iron_ore":11,"minecraft:birch_leaves":1,"minecraft:oak_log":64,"minecraft:coal_ore":45,"minecraft:dirt":1,"minecraft:stone":52,"minecraft:gold_ore":10,"minecraft:oak_leaves":4}},"DataVersion":3953}