{"stats":{"minecraft:crafted":{"minecraft:cooked_beef":11,"minecraft:oak_planks":116,"minecraft:crafting_table":9,"minecraft:stick":8,"minecraft:wooden_pickaxe":1,"minecraft:stone_pickaxe":1,"minecraft:stone_sword":1,"minecraft:furnace":1,"minecraft:stone_axe":1,"minecraft:air":0},"minecraft:used":{"minecraft:stone_sword":2,"minecraft:stone_pickaxe":19,"minecraft:wooden_pickaxe":7,"minecraft:stone_axe":75,"minecraft:cobblestone":2,"minecraft:crafting_table":2,"minecraft:furnace":1,"minecraft:cooked_beef":1,"minecraft:pumpkin":2},"minecraft:custom":{"minecraft:time_since_rest":11869,"minecraft:interact_with_furnace":3,"minecraft:sprint_one_cm":39442,"minecraft:damage_taken":20,"minecraft:walk_one_cm":25471,"minecraft:mob_kills":7,"minecraft:drop":8,"minecraft:damage_dealt":570,"minecraft:interact_with_crafting_table":4,"minecraft:swim_one_cm":745,"minecraft:fly_one_cm":47927,"minecraft:crouch_one_cm":141,"minecraft:play_time":11869,"minecraft:sneak_time":20,"minecraft:walk_under_water_one_cm":85,"minecraft:jump":213,"minecraft:time_since_death":11869,"minecraft:walk_on_water_one_cm":1429,"minecraft:total_world_time":11869,"minecraft:fall_one_cm":3917},"minecraft:dropped":{"minecraft:stone_axe":1,"minecraft:oak_sapling":6,"minecraft:stone_pickaxe":1},"minecraft:killed":{"minecraft:chicken":2,"minecraft:cow":4},"minecraft:picked_up":{"minecraft:stick":12,"minecraft:feather":3,"minecraft:chicken":2,"minecraft:pumpkin":6,"minecraft:leather":4,"minecraft:oak_log":55,"minecraft:dirt":1,"minecraft:apple":1,"minecraft:stone_axe":1,"minecraft:beef":11,"minecraft:stone_pickaxe":1,"minecraft:oak_sapling":6,"minecraft:sugar_cane":10,"minecraft:coal":2,"minecraft:cobblestone":26},"minecraft:mined":{"minecraft:pumpkin":6,"minecraft:short_grass":4,"minecraft:oak_log":55,"minecraft:coal_ore":2,"minecraft:dirt":1,"minecraft:stone":23,"minecraft:sugar_cane":4,"minecraft:oak_leaves":10}},"DataVersion":3953}