{"stats":{"minecraft:crafted":{"minecraft:cooked_beef":11,"minecraft:oak_door":3,"minecraft:oak_planks":116,"minecraft:crafting_table":9,"minecraft:wooden_pickaxe":1,"minecraft:iron_helmet":1,"minecraft:cooked_chicken":2,"minecraft:iron_sword":1,"minecraft:furnace":2,"minecraft:bucket":2,"minecraft:stone_axe":1,"minecraft:cooked_mutton":9,"minecraft:air":0,"minecraft:iron_boots":2,"minecraft:iron_chestplate":1,"minecraft:diamond_pickaxe":1,"minecraft:stick":16,"minecraft:iron_ingot":62,"minecraft:iron_pickaxe":3,"minecraft:stone_pickaxe":1,"minecraft:stone_sword":1,"minecraft:iron_leggings":1,"minecraft:torch":44},"minecraft:used":{"minecraft:water_bucket":3,"minecraft:cooked_mutton":9,"minecraft:stone_sword":21,"minecraft:stone_pickaxe":79,"minecraft:shield":5,"minecraft:wooden_pickaxe":7,"minecraft:iron_sword":47,"minecraft:rotten_flesh":2,"minecraft:cooked_chicken":4,"minecraft:oak_door":3,"minecraft:iron_chestplate":1,"minecraft:torch":20,"minecraft:crafting_table":7,"minecraft:white_bed":3,"minecraft:diamond_pickaxe":24,"minecraft:iron_pickaxe":144,"minecraft:iron_helmet":1,"minecraft:iron_boots":1,"minecraft:stone_axe":77,"minecraft:cobblestone":47,"minecraft:furnace":8,"minecraft:bucket":4,"minecraft:cobbled_deepslate":5,"minecraft:cooked_beef":2,"minecraft:pumpkin":2},"minecraft:custom":{"minecraft:interact_with_furnace":39,"minecraft:mob_kills":23,"minecraft:interact_with_crafting_table":23,"minecraft:bell_ring":21,"minecraft:time_since_death":59602,"minecraft:sleep_in_bed":1,"minecraft:time_since_rest":43024,"minecraft:sprint_one_cm":245752,"minecraft:damage_taken":844,"minecraft:walk_one_cm":82860,"minecraft:damage_blocked_by_shield":160,"minecraft:drop":41,"minecraft:damage_dealt":3764,"minecraft:swim_one_cm":52947,"minecraft:fly_one_cm":213635,"minecraft:open_chest":5,"minecraft:crouch_one_cm":3688,"minecraft:play_time":59602,"minecraft:sneak_time":2240,"minecraft:walk_under_water_one_cm":6184,"minecraft:jump":1225,"minecraft:walk_on_water_one_cm":14893,"minecraft:total_world_time":59602,"minecraft:fall_one_cm":32342},"minecraft:dropped":{"minecraft:gravel":15,"minecraft:iron_sword":2,"minecraft:stone_axe":2,"minecraft:wheat_seeds":2,"minecraft:stone_sword":2,"minecraft:cobbled_deepslate":3,"minecraft:feather":3,"minecraft:rotten_flesh":3,"minecraft:iron_boots":1,"minecraft:dirt":2,"minecraft:diorite":3,"minecraft:andesite":6,"minecraft:oak_sapling":6,"minecraft:iron_leggings":1,"minecraft:pumpkin":4,"minecraft:bow":5,"minecraft:wooden_pickaxe":1,"minecraft:stone_pickaxe":2,"minecraft:iron_pickaxe":3,"minecraft:smooth_basalt":1,"minecraft:bone":2},"minecraft:killed":{"minecraft:spider":2,"minecraft:creeper":1,"minecraft:skeleton":5,"minecraft:sheep":2,"minecraft:zombie":6,"minecraft:chicken":2,"minecraft:cow":4},"minecraft:picked_up":{"minecraft:crafting_table":2,"minecraft:feather":6,"minecraft:chicken":2,"minecraft:andesite":6,"minecraft:leather":4,"minecraft:tuff":1,"minecraft:oak_log":55,"minecraft:shield":1,"minecraft:gunpowder":2,"minecraft:dirt":2,"minecraft:lapis_lazuli":57,"minecraft:iron_leggings":1,"minecraft:bone":7,"minecraft:apple":1,"minecraft:bow":6,"minecraft:wheat_seeds":2,"minecraft:cobbled_deepslate":13,"minecraft:raw_gold":15,"minecraft:iron_ingot":1,"minecraft:beef":11,"minecraft:stone_pickaxe":1,"minecraft:cooked_chicken":2,"minecraft:iron_pickaxe":1,"minecraft:sugar_cane":16,"minecraft:iron_sword":3,"minecraft:furnace":8,"minecraft:stick":12,"minecraft:raw_iron":133,"minecraft:smooth_basalt":1,"minecraft:pumpkin":6,"minecraft:torch":2,"minecraft:gravel":15,"minecraft:diorite":3,"minecraft:white_bed":5,"minecraft:redstone":14,"minecraft:spider_eye":2,"minecraft:stone_sword":1,"minecraft:arrow":5,"minecraft:rotten_flesh":9,"minecraft:diamond":10,"minecraft:stone_axe":1,"minecraft:obsidian":14,"minecraft:oak_sapling":6,"minecraft:mutton":3,"minecraft:coal":52,"minecraft:white_wool":2,"minecraft:cobblestone":71},"minecraft:mined":{"minecraft:deepslate_redstone_ore":3,"minecraft:tuff":1,"minecraft:white_bed":5,"minecraft:deepslate_diamond_ore":10,"minecraft:obsidian":14,"minecraft:crafting_table":2,"minecraft:short_grass":4,"minecraft:deepslate_gold_ore":10,"minecraft:lapis_ore":4,"minecraft:sugar_cane":7,"minecraft:diorite":3,"minecraft:seagrass":1,"minecraft:furnace":8,"minecraft:iron_ore":73,"minecraft:pumpkin":6,"minecraft:deepslate_lapis_ore":5,"minecraft:oak_log":55,"minecraft:coal_ore":21,"minecraft:deepslate_iron_ore":19,"minecraft:dirt":1,"minecraft:stone":63,"minecraft:gold_ore":5,"minecraft:oak_leaves":10,"minecraft:deepslate":12}},"DataVersion":3953}