{"stats":{"minecraft:crafted":{"minecraft:cooked_beef":11,"minecraft:oak_door":3,"minecraft:oak_planks":116,"minecraft:crafting_table":9,"minecraft:wooden_pickaxe":1,"minecraft:cooked_chicken":2,"minecraft:furnace":2,"minecraft:stone_axe":1,"minecraft:cooked_mutton":6,"minecraft:air":0,"minecraft:stick":8,"minecraft:stone_pickaxe":1,"minecraft:stone_sword":1},"minecraft:used":{"minecraft:cooked_mutton":3,"minecraft:stone_sword":14,"minecraft:stone_pickaxe":79,"minecraft:wooden_pickaxe":7,"minecraft:oak_door":3,"minecraft:crafting_table":3,"minecraft:white_bed":3,"minecraft:stone_axe":77,"minecraft:cobblestone":5,"minecraft:furnace":3,"minecraft:cooked_beef":1,"minecraft:pumpkin":2},"minecraft:custom":{"minecraft:interact_with_furnace":8,"minecraft:mob_kills":10,"minecraft:interact_with_crafting_table":6,"minecraft:bell_ring":21,"minecraft:time_since_death":23869,"minecraft:sleep_in_bed":1,"minecraft:time_since_rest":7291,"minecraft:sprint_one_cm":95922,"minecraft:damage_taken":159,"minecraft:walk_one_cm":33405,"minecraft:drop":9,"minecraft:damage_dealt":930,"minecraft:swim_one_cm":41075,"minecraft:fly_one_cm":132235,"minecraft:crouch_one_cm":141,"minecraft:play_time":23869,"minecraft:sneak_time":48,"minecraft:walk_under_water_one_cm":4453,"minecraft:jump":524,"minecraft:walk_on_water_one_cm":4395,"minecraft:total_world_time":23869,"minecraft:fall_one_cm":14753},"minecraft:dropped":{"minecraft:stone_axe":1,"minecraft:oak_sapling":6,"minecraft:bow":1,"minecraft:stone_pickaxe":1},"minecraft:killed":{"minecraft:sheep":2,"minecraft:skeleton":1,"minecraft:chicken":2,"minecraft:cow":4},"minecraft:picked_up":{"minecraft:crafting_table":1,"minecraft:feather":3,"minecraft:chicken":2,"minecraft:leather":4,"minecraft:oak_log":55,"minecraft:lapis_lazuli":26,"minecraft:dirt":1,"minecraft:iron_leggings":1,"minecraft:bone":1,"minecraft:apple":1,"minecraft:bow":1,"minecraft:wheat_seeds":1,"minecraft:beef":11,"minecraft:stone_pickaxe":1,"minecraft:cooked_chicken":2,"minecraft:sugar_cane":16,"minecraft:furnace":2,"minecraft:raw_iron":20,"minecraft:stick":12,"minecraft:pumpkin":6,"minecraft:white_bed":5,"minecraft:arrow":1,"minecraft:rotten_flesh":1,"minecraft:stone_axe":1,"minecraft:oak_sapling":6,"minecraft:mutton":3,"minecraft:coal":16,"minecraft:white_wool":2,"minecraft:cobblestone":43},"minecraft:mined":{"minecraft:white_bed":5,"minecraft:crafting_table":1,"minecraft:short_grass":4,"minecraft:lapis_ore":4,"minecraft:sugar_cane":7,"minecraft:seagrass":1,"minecraft:furnace":2,"minecraft:iron_ore":22,"minecraft:pumpkin":6,"minecraft:coal_ore":17,"minecraft:oak_log":55,"minecraft:dirt":1,"minecraft:stone":40,"minecraft:oak_leaves":10}},"DataVersion":3953}