{"stats":{"minecraft:crafted":{"minecraft:cooked_beef":11,"minecraft:oak_door":3,"minecraft:oak_planks":116,"minecraft:crafting_table":9,"minecraft:iron_helmet":1,"minecraft:wooden_pickaxe":1,"minecraft:cooked_chicken":2,"minecraft:iron_sword":1,"minecraft:furnace":2,"minecraft:stone_axe":1,"minecraft:cooked_mutton":9,"minecraft:air":0,"minecraft:iron_boots":1,"minecraft:iron_chestplate":1,"minecraft:stick":16,"minecraft:iron_ingot":28,"minecraft:iron_pickaxe":3,"minecraft:stone_pickaxe":1,"minecraft:stone_sword":1},"minecraft:used":{"minecraft:cooked_mutton":7,"minecraft:stone_sword":21,"minecraft:stone_pickaxe":79,"minecraft:wooden_pickaxe":7,"minecraft:iron_sword":1,"minecraft:iron_chestplate":1,"minecraft:oak_door":3,"minecraft:crafting_table":4,"minecraft:white_bed":3,"minecraft:iron_pickaxe":92,"minecraft:iron_helmet":1,"minecraft:iron_boots":1,"minecraft:stone_axe":77,"minecraft:cobblestone":5,"minecraft:furnace":6,"minecraft:cooked_beef":1,"minecraft:pumpkin":2},"minecraft:custom":{"minecraft:interact_with_furnace":28,"minecraft:mob_kills":11,"minecraft:interact_with_crafting_table":16,"minecraft:bell_ring":21,"minecraft:time_since_death":35869,"minecraft:sleep_in_bed":1,"minecraft:time_since_rest":19291,"minecraft:sprint_one_cm":135087,"minecraft:damage_taken":350,"minecraft:walk_one_cm":44910,"minecraft:drop":26,"minecraft:damage_dealt":1369,"minecraft:swim_one_cm":51329,"minecraft:fly_one_cm":150616,"minecraft:crouch_one_cm":1070,"minecraft:play_time":35869,"minecraft:sneak_time":1538,"minecraft:walk_under_water_one_cm":5230,"minecraft:jump":684,"minecraft:walk_on_water_one_cm":6453,"minecraft:total_world_time":35869,"minecraft:fall_one_cm":17055},"minecraft:dropped":{"minecraft:stone_axe":2,"minecraft:wheat_seeds":1,"minecraft:stone_sword":2,"minecraft:feather":3,"minecraft:rotten_flesh":3,"minecraft:dirt":1,"minecraft:oak_sapling":6,"minecraft:bow":4,"minecraft:wooden_pickaxe":1,"minecraft:stone_pickaxe":2,"minecraft:iron_pickaxe":2,"minecraft:bone":1},"minecraft:killed":{"minecraft:creeper":1,"minecraft:sheep":2,"minecraft:skeleton":1,"minecraft:chicken":2,"minecraft:cow":4},"minecraft:picked_up":{"minecraft:crafting_table":1,"minecraft:feather":6,"minecraft:chicken":2,"minecraft:andesite":6,"minecraft:leather":4,"minecraft:oak_log":55,"minecraft:gunpowder":2,"minecraft:lapis_lazuli":26,"minecraft:dirt":2,"minecraft:iron_leggings":1,"minecraft:bone":2,"minecraft:apple":1,"minecraft:bow":4,"minecraft:wheat_seeds":2,"minecraft:cobbled_deepslate":2,"minecraft:raw_gold":5,"minecraft:beef":11,"minecraft:stone_pickaxe":1,"minecraft:cooked_chicken":2,"minecraft:iron_pickaxe":1,"minecraft:sugar_cane":16,"minecraft:furnace":4,"minecraft:raw_iron":88,"minecraft:stick":12,"minecraft:pumpkin":6,"minecraft:diorite":3,"minecraft:white_bed":5,"minecraft:stone_sword":1,"minecraft:arrow":1,"minecraft:rotten_flesh":3,"minecraft:stone_axe":1,"minecraft:oak_sapling":6,"minecraft:mutton":3,"minecraft:coal":31,"minecraft:white_wool":2,"minecraft:cobblestone":66},"minecraft:mined":{"minecraft:white_bed":5,"minecraft:crafting_table":1,"minecraft:short_grass":4,"minecraft:lapis_ore":4,"minecraft:sugar_cane":7,"minecraft:diorite":3,"minecraft:seagrass":1,"minecraft:furnace":4,"minecraft:iron_ore":67,"minecraft:pumpkin":6,"minecraft:coal_ore":21,"minecraft:oak_log":55,"minecraft:deepslate_iron_ore":10,"minecraft:dirt":1,"minecraft:stone":61,"minecraft:gold_ore":5,"minecraft:deepslate":2,"minecraft:oak_leaves":10}},"DataVersion":3953}