{"stats":{"minecraft:crafted":{"minecraft:cooked_beef":11,"minecraft:oak_door":3,"minecraft:oak_planks":116,"minecraft:crafting_table":9,"minecraft:wooden_pickaxe":1,"minecraft:iron_helmet":1,"minecraft:cooked_chicken":2,"minecraft:iron_sword":1,"minecraft:furnace":2,"minecraft:bucket":2,"minecraft:stone_axe":1,"minecraft:cooked_mutton":9,"minecraft:air":0,"minecraft:iron_boots":2,"minecraft:iron_chestplate":1,"minecraft:stick":16,"minecraft:iron_ingot":62,"minecraft:iron_pickaxe":3,"minecraft:stone_pickaxe":1,"minecraft:stone_sword":1,"minecraft:iron_leggings":1},"minecraft:used":{"minecraft:cooked_mutton":9,"minecraft:stone_sword":21,"minecraft:stone_pickaxe":79,"minecraft:shield":3,"minecraft:wooden_pickaxe":7,"minecraft:iron_sword":38,"minecraft:cooked_chicken":2,"minecraft:oak_door":3,"minecraft:iron_chestplate":1,"minecraft:crafting_table":6,"minecraft:white_bed":3,"minecraft:iron_pickaxe":114,"minecraft:iron_helmet":1,"minecraft:iron_boots":1,"minecraft:stone_axe":77,"minecraft:cobblestone":15,"minecraft:furnace":8,"minecraft:bucket":1,"minecraft:cooked_beef":1,"minecraft:pumpkin":2},"minecraft:custom":{"minecraft:interact_with_furnace":39,"minecraft:mob_kills":20,"minecraft:interact_with_crafting_table":22,"minecraft:bell_ring":21,"minecraft:time_since_death":47602,"minecraft:sleep_in_bed":1,"minecraft:time_since_rest":31024,"minecraft:sprint_one_cm":191604,"minecraft:damage_taken":718,"minecraft:walk_one_cm":70526,"minecraft:damage_blocked_by_shield":100,"minecraft:drop":38,"minecraft:damage_dealt":3334,"minecraft:swim_one_cm":52947,"minecraft:fly_one_cm":188755,"minecraft:crouch_one_cm":2422,"minecraft:play_time":47602,"minecraft:sneak_time":1896,"minecraft:walk_under_water_one_cm":6072,"minecraft:jump":997,"minecraft:walk_on_water_one_cm":9851,"minecraft:total_world_time":47602,"minecraft:fall_one_cm":26552},"minecraft:dropped":{"minecraft:gravel":15,"minecraft:iron_sword":2,"minecraft:stone_axe":2,"minecraft:wheat_seeds":2,"minecraft:stone_sword":2,"minecraft:cobbled_deepslate":3,"minecraft:feather":3,"minecraft:rotten_flesh":3,"minecraft:iron_boots":1,"minecraft:dirt":2,"minecraft:diorite":3,"minecraft:andesite":6,"minecraft:oak_sapling":6,"minecraft:iron_leggings":1,"minecraft:pumpkin":4,"minecraft:bow":4,"minecraft:wooden_pickaxe":1,"minecraft:stone_pickaxe":2,"minecraft:iron_pickaxe":2,"minecraft:bone":2},"minecraft:killed":{"minecraft:spider":1,"minecraft:creeper":1,"minecraft:skeleton":4,"minecraft:sheep":2,"minecraft:zombie":5,"minecraft:chicken":2,"minecraft:cow":4},"minecraft:picked_up":{"minecraft:crafting_table":2,"minecraft:feather":6,"minecraft:chicken":2,"minecraft:andesite":6,"minecraft:leather":4,"minecraft:oak_log":55,"minecraft:shield":1,"minecraft:gunpowder":2,"minecraft:dirt":2,"minecraft:lapis_lazuli":37,"minecraft:iron_leggings":1,"minecraft:bone":5,"minecraft:apple":1,"minecraft:bow":5,"minecraft:wheat_seeds":2,"minecraft:cobbled_deepslate":3,"minecraft:raw_gold":5,"minecraft:iron_ingot":1,"minecraft:beef":11,"minecraft:stone_pickaxe":1,"minecraft:cooked_chicken":2,"minecraft:iron_pickaxe":1,"minecraft:sugar_cane":16,"minecraft:iron_sword":3,"minecraft:furnace":8,"minecraft:stick":12,"minecraft:raw_iron":129,"minecraft:pumpkin":6,"minecraft:gravel":15,"minecraft:diorite":3,"minecraft:white_bed":5,"minecraft:spider_eye":1,"minecraft:stone_sword":1,"minecraft:arrow":4,"minecraft:rotten_flesh":7,"minecraft:stone_axe":1,"minecraft:oak_sapling":6,"minecraft:mutton":3,"minecraft:coal":52,"minecraft:white_wool":2,"minecraft:cobblestone":71},"minecraft:mined":{"minecraft:white_bed":5,"minecraft:crafting_table":2,"minecraft:short_grass":4,"minecraft:lapis_ore":4,"minecraft:sugar_cane":7,"minecraft:diorite":3,"minecraft:seagrass":1,"minecraft:furnace":8,"minecraft:iron_ore":73,"minecraft:pumpkin":6,"minecraft:deepslate_lapis_ore":2,"minecraft:oak_log":55,"minecraft:coal_ore":21,"minecraft:deepslate_iron_ore":15,"minecraft:dirt":1,"minecraft:stone":63,"minecraft:gold_ore":5,"minecraft:oak_leaves":10,"minecraft:deepslate":3}},"DataVersion":3953}